from,to,distance_km,duration_min
Ada,Alger,8.81,9.3
Ada,Bluffton,19.62,20.62
Ada,Cairo,31.08,23.32
Ada,Caledonia,102.08,70.19
Ada,Carey,65.16,44.49
Ada,Columbus Grove,36.03,31.2
Ada,Continental,70.83,62.91
Ada,Cridersville,38.8,35.77
Ada,Delphos,51.43,36.36
Ada,Dunkirk,17.85,18.74
Ada,Elida,45.67,36.74
Ada,Forest,35.36,26.39
Ada,Fort Jennings,58.26,43.8
Ada,Glandorf,50.36,45.18
Ada,Kalida,52.21,43.3
Ada,Kenton,24.99,24.45
Ada,La Rue,52.09,50.69
Ada,Leipsic,48.88,48.34
Ada,Lima,26.29,26.49
Ada,Marion,91.49,63.25
Ada,Minster,84.74,67.05
Ada,Mount Victory,39.74,39.2
Ada,Nevada,71.78,47.96
Ada,New Bremen,79.41,61.99
Ada,New Knoxville,68.9,56.78
Ada,Ottawa,47.46,41.01
Ada,Ottoville,60.53,42.4
Ada,Pandora,34.1,29.24
Ada,Prospect,78.84,72.88
Ada,Saint Marys,68.84,52.16
Ada,Spencerville,49.06,50.39
Ada,Sycamore,68.79,51.15
Ada,Upper Sandusky,53.14,37.73
Ada,Wapakoneta,50.15,39.48
Ada,Waynesfield,34.99,32.14
Alger,Ada,8.81,9.3
Alger,Bluffton,28.35,29.75
Alger,Cairo,39.81,32.45
Alger,Caledonia,110.8,79.32
Alger,Carey,73.89,53.62
Alger,Columbus Grove,44.75,40.33
Alger,Continental,79.55,72.04
Alger,Cridersville,36.26,36.15
Alger,Delphos,60.16,45.49
Alger,Dunkirk,26.58,27.87
Alger,Elida,37.17,38.94
Alger,Forest,44.08,35.52
Alger,Fort Jennings,66.98,52.93
Alger,Glandorf,59.09,54.31
Alger,Kalida,60.94,52.43
Alger,Kenton,25.59,25.33
Alger,La Rue,52.69,51.56
Alger,Leipsic,57.6,57.47
Alger,Lima,25.66,27.95
Alger,Marion,69.18,67.17
Alger,Minster,82.2,67.43
Alger,Mount Victory,40.34,40.07
Alger,Nevada,80.51,57.09
Alger,New Bremen,76.88,62.38
Alger,New Knoxville,66.36,57.16
Alger,Ottawa,56.18,50.13
Alger,Ottoville,69.26,51.53
Alger,Pandora,37.72,37.72
Alger,Prospect,79.45,73.76
Alger,Saint Marys,66.3,52.54
Alger,Spencerville,47.57,51.23
Alger,Sycamore,77.52,60.28
Alger,Upper Sandusky,61.86,46.86
Alger,Wapakoneta,47.61,39.86
Alger,Waynesfield,26.2,22.95
Bluffton,Ada,19.5,20.48
Bluffton,Alger,28.23,29.61
Bluffton,Cairo,23.61,17.5
Bluffton,Caledonia,108.79,76.47
Bluffton,Carey,55.0,37.58
Bluffton,Columbus Grove,16.28,20.55
Bluffton,Continental,52.79,49.98
Bluffton,Cridersville,39.14,29.29
Bluffton,Delphos,43.96,30.54
Bluffton,Dunkirk,31.91,26.58
Bluffton,Elida,32.8,30.16
Bluffton,Forest,42.07,32.67
Bluffton,Fort Jennings,50.79,37.98
Bluffton,Glandorf,33.05,31.63
Bluffton,Kalida,44.75,37.49
Bluffton,Kenton,47.93,42.84
Bluffton,La Rue,73.32,65.53
Bluffton,Leipsic,30.69,29.78
Bluffton,Lima,26.65,20.78
Bluffton,Marion,98.21,69.53
Bluffton,Minster,85.08,60.57
Bluffton,Mount Victory,62.81,57.76
Bluffton,Nevada,78.5,54.23
Bluffton,New Bremen,79.76,55.51
Bluffton,New Knoxville,69.24,50.3
Bluffton,Ottawa,29.64,26.52
Bluffton,Ottoville,53.06,36.58
Bluffton,Pandora,11.84,15.3
Bluffton,Prospect,123.25,83.82
Bluffton,Saint Marys,69.18,45.68
Bluffton,Spencerville,49.42,44.68
Bluffton,Sycamore,73.97,56.87
Bluffton,Upper Sandusky,59.85,44.01
Bluffton,Wapakoneta,50.5,32.99
Bluffton,Waynesfield,45.55,37.69
Cairo,Ada,31.26,23.63
Cairo,Alger,39.99,32.76
Cairo,Bluffton,23.98,18.42
Cairo,Caledonia,120.55,79.62
Cairo,Carey,78.17,52.37
Cairo,Columbus Grove,11.23,11.29
Cairo,Continental,45.06,42.34
Cairo,Cridersville,22.99,26.26
Cairo,Delphos,23.36,17.27
Cairo,Dunkirk,43.67,29.73
Cairo,Elida,15.16,17.39
Cairo,Forest,53.83,35.82
Cairo,Fort Jennings,30.19,24.71
Cairo,Glandorf,25.32,23.99
Cairo,Kalida,24.15,24.21
Cairo,Kenton,59.69,45.99
Cairo,La Rue,85.08,68.69
Cairo,Leipsic,34.72,32.32
Cairo,Lima,11.86,12.79
Cairo,Marion,109.97,72.68
Cairo,Minster,69.64,58.91
Cairo,Mount Victory,74.57,60.91
Cairo,Nevada,90.26,57.39
Cairo,New Bremen,64.32,53.85
Cairo,New Knoxville,53.81,48.64
Cairo,Ottawa,22.42,19.81
Cairo,Ottoville,32.46,23.31
Cairo,Pandora,20.32,20.73
Cairo,Prospect,135.01,86.97
Cairo,Saint Marys,53.74,44.02
Cairo,Spencerville,35.83,32.41
Cairo,Sycamore,87.27,60.58
Cairo,Upper Sandusky,71.61,47.16
Cairo,Wapakoneta,35.06,31.33
Cairo,Waynesfield,35.21,37.59
Caledonia,Ada,102.21,70.4
Caledonia,Alger,110.94,79.53
Caledonia,Bluffton,108.65,76.23
Caledonia,Cairo,120.01,78.76
Caledonia,Carey,64.67,45.8
Caledonia,Columbus Grove,124.95,86.64
Caledonia,Continental,159.75,118.34
Caledonia,Cridersville,137.56,93.61
Caledonia,Delphos,140.36,91.79
Caledonia,Dunkirk,86.4,59.43
Caledonia,Elida,134.59,92.17
Caledonia,Forest,73.48,51.91
Caledonia,Fort Jennings,147.18,99.23
Caledonia,Glandorf,139.29,100.62
Caledonia,Kalida,141.14,98.74
Caledonia,Kenton,57.96,55.82
Caledonia,La Rue,39.96,40.02
Caledonia,Leipsic,125.17,96.02
Caledonia,Lima,125.06,85.1
Caledonia,Marion,15.25,15.35
Caledonia,Minster,183.49,124.89
Caledonia,Mount Victory,59.56,58.92
Caledonia,Nevada,39.55,35.37
Caledonia,New Bremen,178.17,119.84
Caledonia,New Knoxville,167.66,114.62
Caledonia,Ottawa,126.93,95.87
Caledonia,Ottoville,149.46,97.83
Caledonia,Pandora,123.03,84.67
Caledonia,Prospect,34.65,28.67
Caledonia,Saint Marys,167.59,110.0
Caledonia,Spencerville,152.83,106.93
Caledonia,Sycamore,61.71,48.64
Caledonia,Upper Sandusky,43.55,34.3
Caledonia,Wapakoneta,148.91,97.32
Caledonia,Waynesfield,91.53,89.34
Carey,Ada,66.05,45.55
Carey,Alger,74.77,54.68
Carey,Bluffton,54.8,36.78
Carey,Cairo,77.8,51.34
Carey,Caledonia,65.92,47.25
Carey,Columbus Grove,67.11,57.05
Carey,Continental,89.37,78.07
Carey,Cridersville,93.33,63.12
Carey,Delphos,98.15,64.38
Carey,Dunkirk,50.24,34.58
Carey,Elida,86.99,64.0
Carey,Forest,37.32,27.05
Carey,Fort Jennings,104.98,71.83
Carey,Glandorf,69.63,59.72
Carey,Kalida,80.88,69.33
Carey,Kenton,56.4,46.69
Carey,La Rue,53.37,50.78
Carey,Leipsic,64.45,54.76
Carey,Lima,80.84,54.62
Carey,Marion,55.34,40.31
Carey,Minster,139.27,94.41
Carey,Mount Victory,71.06,61.36
Carey,Nevada,35.63,25.02
Carey,New Bremen,133.95,89.35
Carey,New Knoxville,123.44,84.14
Carey,Ottawa,66.21,54.61
Carey,Ottoville,107.25,70.42
Carey,Pandora,58.24,47.88
Carey,Prospect,80.38,54.6
Carey,Saint Marys,123.37,79.52
Carey,Spencerville,103.61,78.52
Carey,Sycamore,18.97,19.29
Carey,Upper Sandusky,21.51,16.42
Carey,Wapakoneta,104.69,66.83
Carey,Waynesfield,99.74,71.53
Columbus Grove,Ada,36.16,31.78
Columbus Grove,Alger,44.89,40.91
Columbus Grove,Bluffton,16.28,20.55
Columbus Grove,Cairo,11.23,11.29
Columbus Grove,Caledonia,125.46,87.77
Columbus Grove,Carey,67.61,57.96
Columbus Grove,Continental,34.18,32.45
Columbus Grove,Cridersville,32.74,35.95
Columbus Grove,Delphos,33.12,26.95
Columbus Grove,Dunkirk,48.58,37.88
Columbus Grove,Elida,24.91,27.07
Columbus Grove,Forest,58.74,43.97
Columbus Grove,Fort Jennings,22.91,24.18
Columbus Grove,Glandorf,14.44,14.1
Columbus Grove,Kalida,21.81,22.78
Columbus Grove,Kenton,64.59,54.14
Columbus Grove,La Rue,89.99,76.84
Columbus Grove,Leipsic,23.84,22.43
Columbus Grove,Lima,21.61,22.48
Columbus Grove,Marion,114.87,80.83
Columbus Grove,Minster,79.4,68.59
Columbus Grove,Mount Victory,79.47,69.06
Columbus Grove,Nevada,95.17,65.53
Columbus Grove,New Bremen,74.07,63.53
Columbus Grove,New Knoxville,63.56,58.32
Columbus Grove,Ottawa,11.54,9.92
Columbus Grove,Ottoville,27.47,28.86
Columbus Grove,Pandora,9.09,9.43
Columbus Grove,Prospect,139.91,95.12
Columbus Grove,Saint Marys,63.5,53.7
Columbus Grove,Spencerville,45.58,42.09
Columbus Grove,Sycamore,92.18,68.72
Columbus Grove,Upper Sandusky,76.52,55.31
Columbus Grove,Wapakoneta,44.81,41.02
Columbus Grove,Waynesfield,44.97,47.27
Continental,Ada,70.66,62.73
Continental,Alger,79.39,71.86
Continental,Bluffton,52.79,49.98
Continental,Cairo,45.06,42.34
Continental,Caledonia,159.95,118.71
Continental,Carey,89.8,78.84
Continental,Columbus Grove,34.18,32.45
Continental,Cridersville,59.48,63.28
Continental,Delphos,34.81,36.13
Continental,Dunkirk,83.07,68.83
Continental,Elida,49.77,48.03
Continental,Forest,93.23,74.92
Continental,Fort Jennings,25.76,26.77
Continental,Glandorf,23.59,24.74
Continental,Kalida,18.61,19.6
Continental,Kenton,99.09,85.09
Continental,La Rue,124.48,107.78
Continental,Leipsic,25.23,25.95
Continental,Lima,48.81,50.27
Continental,Marion,149.36,111.78
Continental,Minster,87.63,92.29
Continental,Mount Victory,113.96,100.01
Continental,Nevada,129.66,96.48
Continental,New Bremen,82.72,87.17
Continental,New Knoxville,79.73,84.4
Continental,Ottawa,23.17,23.51
Continental,Ottoville,25.75,26.32
Continental,Pandora,39.26,41.28
Continental,Prospect,174.41,126.07
Continental,Saint Marys,70.65,74.44
Continental,Spencerville,50.27,52.23
Continental,Sycamore,108.77,98.14
Continental,Upper Sandusky,111.01,86.26
Continental,Wapakoneta,71.55,68.35
Continental,Waynesfield,72.17,75.07
Cridersville,Ada,38.76,35.73
Cridersville,Alger,36.16,36.43
Cridersville,Bluffton,39.32,29.81
Cridersville,Cairo,22.97,26.1
Cridersville,Caledonia,139.46,95.99
Cridersville,Carey,93.5,63.76
Cridersville,Columbus Grove,32.72,35.78
Cridersville,Continental,59.48,63.28
Cridersville,Delphos,40.16,37.26
Cridersville,Dunkirk,62.59,46.11
Cridersville,Elida,21.05,24.77
Cridersville,Forest,72.74,52.19
Cridersville,Fort Jennings,46.99,44.71
Cridersville,Glandorf,46.81,48.48
Cridersville,Kalida,40.87,43.68
Cridersville,Kenton,55.56,54.8
Cridersville,La Rue,82.66,81.04
Cridersville,Leipsic,56.21,56.81
Cridersville,Lima,11.88,15.04
Cridersville,Marion,128.88,89.05
Cridersville,Minster,49.49,42.81
Cridersville,Mount Victory,70.31,69.55
Cridersville,Nevada,109.17,73.76
Cridersville,New Bremen,44.17,37.75
Cridersville,New Knoxville,33.66,32.54
Cridersville,Ottawa,43.91,44.3
Cridersville,Ottoville,49.26,43.3
Cridersville,Pandora,43.37,36.24
Cridersville,Prospect,127.73,101.68
Cridersville,Saint Marys,33.59,27.92
Cridersville,Spencerville,24.69,30.89
Cridersville,Sycamore,106.18,76.95
Cridersville,Upper Sandusky,90.52,63.53
Cridersville,Wapakoneta,14.91,15.23
Cridersville,Waynesfield,21.72,27.29
Delphos,Ada,51.03,35.74
Delphos,Alger,59.76,44.88
Delphos,Bluffton,43.75,30.53
Delphos,Cairo,23.5,17.4
Delphos,Caledonia,140.33,91.73
Delphos,Carey,97.94,64.48
Delphos,Columbus Grove,33.25,27.08
Delphos,Continental,34.81,36.13
Delphos,Cridersville,39.94,36.77
Delphos,Dunkirk,63.45,41.85
Delphos,Elida,13.36,14.04
Delphos,Forest,73.61,47.93
Delphos,Fort Jennings,9.33,10.26
Delphos,Glandorf,35.58,36.88
Delphos,Kalida,21.82,22.69
Delphos,Kenton,79.46,58.11
Delphos,La Rue,104.86,80.8
Delphos,Leipsic,56.74,48.11
Delphos,Lima,29.27,23.76
Delphos,Marion,129.74,84.79
Delphos,Minster,53.49,56.95
Delphos,Mount Victory,94.34,73.03
Delphos,Nevada,110.04,69.5
Delphos,New Bremen,48.59,51.83
Delphos,New Knoxville,45.59,49.07
Delphos,Ottawa,44.44,35.6
Delphos,Ottoville,11.65,10.96
Delphos,Pandora,42.34,36.52
Delphos,Prospect,154.78,99.09
Delphos,Saint Marys,36.52,39.11
Delphos,Spencerville,16.14,16.9
Delphos,Sycamore,107.04,72.69
Delphos,Upper Sandusky,91.39,59.27
Delphos,Wapakoneta,37.55,39.91
Delphos,Waynesfield,52.63,48.56
Dunkirk,Ada,17.85,18.74
Dunkirk,Alger,26.58,27.87
Dunkirk,Bluffton,32.17,26.69
Dunkirk,Cairo,43.53,29.21
Dunkirk,Caledonia,86.25,59.4
Dunkirk,Carey,49.33,33.7
Dunkirk,Columbus Grove,48.47,37.09
Dunkirk,Continental,83.27,68.8
Dunkirk,Cridersville,61.07,44.07
Dunkirk,Delphos,63.88,42.25
Dunkirk,Elida,58.11,42.63
Dunkirk,Forest,13.3,14.13
Dunkirk,Fort Jennings,70.7,49.69
Dunkirk,Glandorf,62.81,51.08
Dunkirk,Kalida,64.66,49.2
Dunkirk,Kenton,16.04,16.35
Dunkirk,La Rue,43.27,42.72
Dunkirk,Leipsic,61.43,54.4
Dunkirk,Lima,48.58,35.56
Dunkirk,Marion,75.66,52.46
Dunkirk,Minster,107.01,75.35
Dunkirk,Mount Victory,30.91,31.27
Dunkirk,Nevada,55.96,37.16
Dunkirk,New Bremen,101.69,70.29
Dunkirk,New Knoxville,91.18,65.08
Dunkirk,Ottawa,59.9,46.9
Dunkirk,Ottoville,72.98,48.29
Dunkirk,Pandora,46.55,35.13
Dunkirk,Prospect,70.02,64.92
Dunkirk,Saint Marys,91.11,60.46
Dunkirk,Spencerville,76.34,57.39
Dunkirk,Sycamore,52.97,40.36
Dunkirk,Upper Sandusky,37.31,26.94
Dunkirk,Wapakoneta,72.43,47.77
Dunkirk,Waynesfield,49.74,50.14
Elida,Ada,44.79,35.72
Elida,Alger,37.16,39.09
Elida,Bluffton,37.51,30.5
Elida,Cairo,15.13,17.23
Elida,Caledonia,134.09,91.7
Elida,Carey,91.7,64.45
Elida,Columbus Grove,24.89,26.91
Elida,Continental,49.64,47.81
Elida,Cridersville,21.05,24.93
Elida,Delphos,13.38,14.07
Elida,Dunkirk,57.21,41.82
Elida,Forest,67.37,47.91
Elida,Fort Jennings,21.07,22.15
Elida,Glandorf,38.98,39.61
Elida,Kalida,31.21,32.52
Elida,Kenton,56.56,57.46
Elida,La Rue,98.62,80.77
Elida,Leipsic,48.38,47.94
Elida,Lima,10.55,12.07
Elida,Marion,123.5,84.77
Elida,Minster,67.7,57.58
Elida,Mount Victory,71.31,72.21
Elida,Nevada,103.79,69.47
Elida,New Bremen,62.37,52.52
Elida,New Knoxville,51.86,47.31
Elida,Ottawa,36.08,35.43
Elida,Ottoville,23.99,21.62
Elida,Pandora,33.98,36.34
Elida,Prospect,148.54,99.06
Elida,Saint Marys,51.8,42.68
Elida,Spencerville,19.58,22.8
Elida,Sycamore,100.8,72.66
Elida,Upper Sandusky,85.15,59.25
Elida,Wapakoneta,33.11,30.0
Elida,Waynesfield,33.05,36.92
Forest,Ada,35.97,27.32
Forest,Alger,44.7,36.46
Forest,Bluffton,42.41,33.15
Forest,Cairo,53.77,35.68
Forest,Caledonia,73.3,51.67
Forest,Carey,36.38,25.98
Forest,Columbus Grove,58.72,43.56
Forest,Continental,93.52,75.27
Forest,Cridersville,71.32,50.53
Forest,Delphos,74.12,48.72
Forest,Dunkirk,13.3,14.13
Forest,Elida,68.36,49.09
Forest,Fort Jennings,80.95,56.16
Forest,Glandorf,73.05,57.54
Forest,Kalida,74.91,55.66
Forest,Kenton,19.38,20.12
Forest,La Rue,31.25,32.87
Forest,Leipsic,71.67,60.87
Forest,Lima,58.82,42.02
Forest,Marion,62.71,44.73
Forest,Minster,117.26,81.82
Forest,Mount Victory,34.03,34.79
Forest,Nevada,43.01,29.44
Forest,New Bremen,111.94,76.76
Forest,New Knoxville,101.42,71.55
Forest,Ottawa,70.15,53.37
Forest,Ottoville,83.22,54.76
Forest,Pandora,56.8,41.6
Forest,Prospect,58.01,55.06
Forest,Saint Marys,101.36,66.92
Forest,Spencerville,86.59,63.86
Forest,Sycamore,40.02,32.63
Forest,Upper Sandusky,24.36,19.22
Forest,Wapakoneta,82.68,54.24
Forest,Waynesfield,53.08,53.77
Fort Jennings,Ada,57.86,43.19
Fort Jennings,Alger,66.59,52.32
Fort Jennings,Bluffton,50.58,37.97
Fort Jennings,Cairo,30.33,24.84
Fort Jennings,Caledonia,147.15,99.17
Fort Jennings,Carey,104.76,71.92
Fort Jennings,Columbus Grove,22.91,24.18
Fort Jennings,Continental,25.76,26.77
Fort Jennings,Cridersville,46.76,44.21
Fort Jennings,Delphos,9.33,10.26
Fort Jennings,Dunkirk,70.27,49.29
Fort Jennings,Elida,21.08,22.17
Fort Jennings,Forest,80.43,55.38
Fort Jennings,Glandorf,26.54,27.52
Fort Jennings,Kalida,12.78,13.32
Fort Jennings,Kenton,86.29,65.55
Fort Jennings,La Rue,111.68,88.24
Fort Jennings,Leipsic,39.76,40.6
Fort Jennings,Lima,36.1,31.2
Fort Jennings,Marion,136.57,92.23
Fort Jennings,Minster,62.15,66.41
Fort Jennings,Mount Victory,101.17,80.47
Fort Jennings,Nevada,116.86,76.94
Fort Jennings,New Bremen,57.25,61.29
Fort Jennings,New Knoxville,54.25,58.53
Fort Jennings,Ottawa,27.46,28.09
Fort Jennings,Ottoville,4.71,5.28
Fort Jennings,Pandora,32.0,33.62
Fort Jennings,Prospect,161.61,106.53
Fort Jennings,Saint Marys,45.18,48.57
Fort Jennings,Spencerville,24.8,26.36
Fort Jennings,Sycamore,113.87,80.13
Fort Jennings,Upper Sandusky,98.21,66.72
Fort Jennings,Wapakoneta,58.83,49.28
Fort Jennings,Waynesfield,59.45,56.0
Glandorf,Ada,50.5,45.77
Glandorf,Alger,59.23,54.89
Glandorf,Bluffton,33.05,31.63
Glandorf,Cairo,25.32,23.99
Glandorf,Caledonia,130.96,101.58
Glandorf,Carey,70.07,60.49
Glandorf,Columbus Grove,14.44,14.1
Glandorf,Continental,23.59,24.74
Glandorf,Cridersville,46.84,48.64
Glandorf,Delphos,35.58,36.88
Glandorf,Dunkirk,62.92,51.87
Glandorf,Elida,39.01,39.77
Glandorf,Forest,73.07,57.95
Glandorf,Fort Jennings,26.54,27.52
Glandorf,Kalida,13.76,14.19
Glandorf,Kenton,78.93,68.12
Glandorf,La Rue,104.33,90.82
Glandorf,Leipsic,15.73,17.67
Glandorf,Lima,35.71,35.17
Glandorf,Marion,120.37,94.64
Glandorf,Minster,93.49,81.29
Glandorf,Mount Victory,93.81,83.05
Glandorf,Nevada,100.67,79.34
Glandorf,New Bremen,88.17,76.23
Glandorf,New Knoxville,77.65,71.02
Glandorf,Ottawa,3.43,5.16
Glandorf,Ottoville,27.44,27.83
Glandorf,Pandora,19.52,22.93
Glandorf,Prospect,145.41,108.93
Glandorf,Saint Marys,77.59,66.39
Glandorf,Spencerville,51.05,52.98
Glandorf,Sycamore,89.04,79.78
Glandorf,Upper Sandusky,90.85,69.29
Glandorf,Wapakoneta,58.91,53.71
Glandorf,Waynesfield,59.06,59.97
Kalida,Ada,52.05,43.13
Kalida,Alger,60.77,52.26
Kalida,Bluffton,44.77,37.91
Kalida,Cairo,23.2,24.3
Kalida,Caledonia,141.34,99.11
Kalida,Carey,81.32,70.1
Kalida,Columbus Grove,21.81,22.78
Kalida,Continental,18.61,19.6
Kalida,Cridersville,40.87,43.68
Kalida,Delphos,21.82,22.69
Kalida,Dunkirk,64.46,49.23
Kalida,Elida,31.21,32.52
Kalida,Forest,74.62,55.32
Kalida,Fort Jennings,12.78,13.32
Kalida,Glandorf,13.76,14.19
Kalida,Kenton,80.48,65.49
Kalida,La Rue,105.87,88.18
Kalida,Leipsic,26.99,27.28
Kalida,Lima,30.2,30.67
Kalida,Marion,130.75,92.18
Kalida,Minster,87.52,76.33
Kalida,Mount Victory,95.35,80.41
Kalida,Nevada,111.05,76.88
Kalida,New Bremen,82.2,71.27
Kalida,New Knoxville,71.68,66.06
Kalida,Ottawa,14.68,14.77
Kalida,Ottoville,13.68,13.63
Kalida,Pandora,30.9,32.21
Kalida,Prospect,155.79,106.47
Kalida,Saint Marys,57.67,61.0
Kalida,Spencerville,37.29,38.79
Kalida,Sycamore,108.06,80.07
Kalida,Upper Sandusky,92.4,66.66
Kalida,Wapakoneta,52.93,48.75
Kalida,Waynesfield,53.56,55.47
Kenton,Ada,24.99,24.45
Kenton,Alger,25.59,25.33
Kenton,Bluffton,48.18,42.95
Kenton,Cairo,59.54,45.47
Kenton,Caledonia,57.86,56.63
Kenton,Carey,55.46,45.61
Kenton,Columbus Grove,64.49,53.35
Kenton,Continental,99.29,85.06
Kenton,Cridersville,55.66,54.52
Kenton,Delphos,79.89,58.51
Kenton,Dunkirk,16.04,16.35
Kenton,Elida,56.57,57.32
Kenton,Forest,19.38,20.12
Kenton,Fort Jennings,86.72,65.95
Kenton,Glandorf,78.82,67.33
Kenton,Kalida,80.68,65.45
Kenton,La Rue,27.23,26.51
Kenton,Leipsic,77.44,70.66
Kenton,Lima,45.06,46.32
Kenton,Marion,43.72,42.12
Kenton,Minster,86.0,78.94
Kenton,Mount Victory,14.88,15.02
Kenton,Nevada,62.09,49.07
Kenton,New Bremen,81.01,73.71
Kenton,New Knoxville,73.19,69.14
Kenton,Ottawa,75.92,63.16
Kenton,Ottoville,88.99,64.55
Kenton,Pandora,62.57,51.39
Kenton,Prospect,53.99,48.7
Kenton,Saint Marys,73.13,64.52
Kenton,Spencerville,66.98,69.61
Kenton,Sycamore,59.1,52.26
Kenton,Upper Sandusky,43.44,38.85
Kenton,Wapakoneta,56.31,52.94
Kenton,Waynesfield,33.7,33.8
La Rue,Ada,52.09,50.69
La Rue,Alger,52.69,51.56
La Rue,Bluffton,73.67,66.02
La Rue,Cairo,85.03,68.55
La Rue,Caledonia,39.92,40.17
La Rue,Carey,52.66,50.21
La Rue,Columbus Grove,89.97,76.42
La Rue,Continental,124.77,108.13
La Rue,Cridersville,82.76,80.76
La Rue,Delphos,105.37,81.58
La Rue,Dunkirk,43.27,42.72
La Rue,Elida,99.61,81.96
La Rue,Forest,31.25,32.87
La Rue,Fort Jennings,112.2,89.03
La Rue,Glandorf,104.31,90.41
La Rue,Kalida,106.16,88.53
La Rue,Kenton,27.23,26.51
La Rue,Leipsic,102.92,93.73
La Rue,Lima,72.16,72.56
La Rue,Marion,24.81,25.18
La Rue,Minster,113.1,105.17
La Rue,Mount Victory,14.81,30.79
La Rue,Nevada,46.12,46.72
La Rue,New Bremen,108.11,99.94
La Rue,New Knoxville,100.29,95.38
La Rue,Ottawa,101.4,86.23
La Rue,Ottoville,114.47,87.62
La Rue,Pandora,88.05,74.46
La Rue,Prospect,28.56,25.93
La Rue,Saint Marys,100.22,90.75
La Rue,Spencerville,94.07,95.84
La Rue,Sycamore,50.88,52.56
La Rue,Upper Sandusky,33.19,34.57
La Rue,Wapakoneta,83.41,79.18
La Rue,Waynesfield,60.8,60.03
Leipsic,Ada,48.76,48.2
Leipsic,Alger,57.49,57.33
Leipsic,Bluffton,30.69,29.78
Leipsic,Cairo,34.72,32.32
Leipsic,Caledonia,125.78,96.62
Leipsic,Carey,64.88,55.53
Leipsic,Columbus Grove,23.84,22.43
Leipsic,Continental,25.23,25.95
Leipsic,Cridersville,61.36,56.94
Leipsic,Delphos,56.61,47.98
Leipsic,Dunkirk,61.17,54.3
Leipsic,Elida,48.4,48.1
Leipsic,Forest,71.33,60.38
Leipsic,Fort Jennings,39.76,40.6
Leipsic,Glandorf,15.73,17.67
Leipsic,Kalida,26.99,27.28
Leipsic,Kenton,77.19,70.55
Leipsic,La Rue,102.58,93.25
Leipsic,Lima,45.1,43.5
Leipsic,Marion,115.19,89.68
Leipsic,Minster,107.3,88.23
Leipsic,Mount Victory,92.06,85.48
Leipsic,Nevada,95.49,74.39
Leipsic,New Bremen,101.98,83.17
Leipsic,New Knoxville,91.47,77.96
Leipsic,Ottawa,12.83,13.49
Leipsic,Ottoville,40.67,40.91
Leipsic,Pandora,18.52,21.9
Leipsic,Prospect,140.23,103.97
Leipsic,Saint Marys,91.4,73.34
Leipsic,Spencerville,69.08,63.12
Leipsic,Sycamore,83.85,74.83
Leipsic,Upper Sandusky,81.36,65.79
Leipsic,Wapakoneta,72.72,60.65
Leipsic,Waynesfield,67.77,65.35
Lima,Ada,26.28,26.32
Lima,Alger,25.64,28.07
Lima,Bluffton,26.86,21.1
Lima,Cairo,11.65,12.31
Lima,Caledonia,127.0,87.28
Lima,Carey,81.04,55.05
Lima,Columbus Grove,21.4,22.0
Lima,Continental,48.63,49.95
Lima,Cridersville,11.81,14.94
Lima,Delphos,29.31,23.93
Lima,Dunkirk,50.13,37.39
Lima,Elida,10.54,11.89
Lima,Forest,60.28,43.48
Lima,Fort Jennings,36.13,31.38
Lima,Glandorf,35.49,34.69
Lima,Kalida,30.02,30.35
Lima,Kenton,45.04,46.44
Lima,La Rue,72.14,72.67
Lima,Leipsic,44.89,43.02
Lima,Marion,116.42,80.34
Lima,Minster,60.05,47.45
Lima,Mount Victory,59.79,61.18
Lima,Nevada,96.71,65.05
Lima,New Bremen,54.73,42.39
Lima,New Knoxville,44.21,37.18
Lima,Ottawa,32.59,30.52
Lima,Ottoville,38.41,29.98
Lima,Pandora,30.91,27.53
Lima,Prospect,141.46,94.63
Lima,Saint Marys,44.15,32.55
Lima,Spencerville,22.81,24.49
Lima,Sycamore,93.72,68.24
Lima,Upper Sandusky,78.06,54.82
Lima,Wapakoneta,25.47,19.87
Lima,Waynesfield,22.59,25.21
Marion,Ada,91.69,63.48
Marion,Alger,68.17,65.53
Marion,Bluffton,98.14,69.31
Marion,Cairo,109.49,71.84
Marion,Caledonia,15.56,15.84
Marion,Carey,54.16,38.88
Marion,Columbus Grove,114.44,79.71
Marion,Continental,149.24,111.42
Marion,Cridersville,127.04,86.69
Marion,Delphos,129.84,84.87
Marion,Dunkirk,75.88,52.52
Marion,Elida,124.08,85.25
Marion,Forest,62.97,44.98
Marion,Fort Jennings,136.67,92.31
Marion,Glandorf,128.78,93.7
Marion,Kalida,130.63,91.82
Marion,Kenton,42.71,40.47
Marion,La Rue,24.7,24.67
Marion,Leipsic,114.65,89.1
Marion,Lima,114.55,78.18
Marion,Minster,144.07,116.43
Marion,Mount Victory,44.31,43.57
Marion,Nevada,29.04,28.45
Marion,New Bremen,139.08,111.21
Marion,New Knoxville,157.14,107.7
Marion,Ottawa,116.41,88.95
Marion,Ottoville,138.94,90.91
Marion,Pandora,112.52,77.75
Marion,Prospect,16.8,15.73
Marion,Saint Marys,157.08,103.08
Marion,Spencerville,142.31,100.01
Marion,Sycamore,51.19,41.73
Marion,Upper Sandusky,33.04,27.38
Marion,Wapakoneta,138.4,90.4
Marion,Waynesfield,76.27,74.0
Minster,Ada,84.84,67.17
Minster,Alger,82.24,67.87
Minster,Bluffton,85.4,61.26
Minster,Cairo,70.14,59.63
Minster,Caledonia,185.55,127.44
Minster,Carey,139.59,95.21
Minster,Columbus Grove,79.89,69.31
Minster,Continental,87.63,92.29
Minster,Cridersville,50.3,43.96
Minster,Delphos,53.49,56.95
Minster,Dunkirk,108.67,77.55
Minster,Elida,68.22,58.3
Minster,Forest,118.83,83.64
Minster,Fort Jennings,62.15,66.41
Minster,Glandorf,93.99,82.01
Minster,Kalida,88.04,77.21
Minster,Kenton,86.0,78.94
Minster,La Rue,113.1,105.17
Minster,Leipsic,107.76,89.32
Minster,Lima,60.38,48.11
Minster,Marion,145.43,118.39
Minster,Mount Victory,84.3,78.84
Minster,Nevada,155.26,105.2
Minster,New Bremen,4.99,5.23
Minster,New Knoxville,16.61,17.01
Minster,Ottawa,91.08,77.83
Minster,Ottoville,65.15,67.86
Minster,Pandora,89.46,67.69
Minster,Prospect,130.41,104.28
Minster,Saint Marys,17.04,18.0
Minster,Spencerville,37.35,40.06
Minster,Sycamore,152.27,108.39
Minster,Upper Sandusky,136.61,94.98
Minster,Wapakoneta,37.2,32.42
Minster,Waynesfield,57.31,49.28
Mount Victory,Ada,39.74,39.2
Mount Victory,Alger,40.34,40.07
Mount Victory,Bluffton,63.06,57.87
Mount Victory,Cairo,74.42,60.39
Mount Victory,Caledonia,59.53,59.07
Mount Victory,Carey,70.12,60.28
Mount Victory,Columbus Grove,79.36,68.27
Mount Victory,Continental,114.16,99.98
Mount Victory,Cridersville,70.41,69.27
Mount Victory,Delphos,94.77,73.43
Mount Victory,Dunkirk,30.91,31.27
Mount Victory,Elida,71.32,72.06
Mount Victory,Forest,34.03,34.79
Mount Victory,Fort Jennings,101.59,80.87
Mount Victory,Glandorf,93.7,82.26
Mount Victory,Kalida,95.55,80.38
Mount Victory,Kenton,14.88,15.02
Mount Victory,La Rue,14.81,30.79
Mount Victory,Leipsic,92.32,85.58
Mount Victory,Lima,59.81,61.07
Mount Victory,Marion,44.41,44.08
Mount Victory,Minster,84.3,78.84
Mount Victory,Nevada,76.75,63.74
Mount Victory,New Bremen,79.31,73.62
Mount Victory,New Knoxville,80.21,75.59
Mount Victory,Ottawa,90.79,78.08
Mount Victory,Ottoville,103.87,79.47
Mount Victory,Pandora,77.44,66.31
Mount Victory,Prospect,38.11,34.67
Mount Victory,Saint Marys,82.31,74.46
Mount Victory,Spencerville,81.72,84.35
Mount Victory,Sycamore,73.75,66.94
Mount Victory,Upper Sandusky,58.1,53.52
Mount Victory,Wapakoneta,65.5,62.88
Mount Victory,Waynesfield,47.19,46.77
Nevada,Ada,71.7,48.33
Nevada,Alger,80.43,57.46
Nevada,Bluffton,78.14,54.16
Nevada,Cairo,89.5,56.68
Nevada,Caledonia,39.98,36.09
Nevada,Carey,34.17,23.73
Nevada,Columbus Grove,94.45,64.56
Nevada,Continental,129.25,96.27
Nevada,Cridersville,107.05,71.53
Nevada,Delphos,109.85,69.72
Nevada,Dunkirk,55.89,37.36
Nevada,Elida,104.09,70.1
Nevada,Forest,42.98,29.83
Nevada,Fort Jennings,116.68,77.16
Nevada,Glandorf,108.78,78.55
Nevada,Kalida,110.64,76.66
Nevada,Kenton,62.05,49.46
Nevada,La Rue,46.46,47.01
Nevada,Leipsic,94.66,73.95
Nevada,Lima,94.55,63.03
Nevada,Marion,29.39,29.15
Nevada,Minster,152.99,102.82
Nevada,Mount Victory,76.71,64.14
Nevada,New Bremen,147.67,97.76
Nevada,New Knoxville,137.15,92.55
Nevada,Ottawa,96.42,73.79
Nevada,Ottoville,118.95,75.76
Nevada,Pandora,92.53,62.6
Nevada,Prospect,54.43,43.44
Nevada,Saint Marys,137.09,87.92
Nevada,Spencerville,122.32,84.86
Nevada,Sycamore,17.86,18.97
Nevada,Upper Sandusky,16.43,13.71
Nevada,Wapakoneta,118.41,75.24
Nevada,Waynesfield,103.4,79.87
New Bremen,Ada,79.5,61.95
New Bremen,Alger,76.9,62.65
New Bremen,Bluffton,80.06,56.04
New Bremen,Cairo,64.8,54.41
New Bremen,Caledonia,180.2,122.22
New Bremen,Carey,134.24,89.99
New Bremen,Columbus Grove,74.55,64.09
New Bremen,Continental,82.72,87.17
New Bremen,Cridersville,44.96,38.74
New Bremen,Delphos,48.59,51.83
New Bremen,Dunkirk,103.33,72.33
New Bremen,Elida,62.88,53.09
New Bremen,Forest,113.48,78.42
New Bremen,Fort Jennings,57.25,61.29
New Bremen,Glandorf,88.64,76.79
New Bremen,Kalida,82.7,71.99
New Bremen,Kenton,81.01,73.71
New Bremen,La Rue,108.11,99.94
New Bremen,Leipsic,102.41,84.1
New Bremen,Lima,55.04,42.89
New Bremen,Marion,140.44,113.16
New Bremen,Minster,4.99,5.23
New Bremen,Mount Victory,79.31,73.62
New Bremen,Nevada,149.91,99.98
New Bremen,New Knoxville,11.62,11.78
New Bremen,Ottawa,85.74,72.61
New Bremen,Ottoville,60.25,62.74
New Bremen,Pandora,84.11,62.47
New Bremen,Prospect,125.42,99.05
New Bremen,Saint Marys,12.14,12.88
New Bremen,Spencerville,32.45,34.94
New Bremen,Sycamore,146.92,103.17
New Bremen,Upper Sandusky,131.26,89.76
New Bremen,Wapakoneta,32.3,27.3
New Bremen,Waynesfield,51.96,44.06
New Knoxville,Ada,69.38,56.91
New Knoxville,Alger,66.79,57.61
New Knoxville,Bluffton,69.94,51.0
New Knoxville,Cairo,54.68,49.37
New Knoxville,Caledonia,170.09,117.17
New Knoxville,Carey,124.13,84.95
New Knoxville,Columbus Grove,64.44,59.05
New Knoxville,Continental,79.73,84.4
New Knoxville,Cridersville,34.85,33.7
New Knoxville,Delphos,45.59,49.07
New Knoxville,Dunkirk,93.21,67.29
New Knoxville,Elida,52.76,48.04
New Knoxville,Forest,103.37,73.38
New Knoxville,Fort Jennings,54.25,58.53
New Knoxville,Glandorf,78.53,71.75
New Knoxville,Kalida,72.58,66.95
New Knoxville,Kenton,73.17,69.46
New Knoxville,La Rue,100.27,95.69
New Knoxville,Leipsic,92.3,79.06
New Knoxville,Lima,44.92,37.85
New Knoxville,Marion,159.5,110.24
New Knoxville,Minster,16.61,17.01
New Knoxville,Mount Victory,80.24,75.53
New Knoxville,Nevada,139.8,94.94
New Knoxville,New Bremen,11.62,11.78
New Knoxville,Ottawa,75.62,67.57
New Knoxville,Ottoville,57.25,59.98
New Knoxville,Pandora,74.0,57.42
New Knoxville,Prospect,126.35,100.97
New Knoxville,Saint Marys,10.18,11.83
New Knoxville,Spencerville,29.45,32.17
New Knoxville,Sycamore,136.81,98.14
New Knoxville,Upper Sandusky,121.15,84.72
New Knoxville,Wapakoneta,20.48,19.99
New Knoxville,Waynesfield,41.47,38.38
Ottawa,Ada,47.6,41.59
Ottawa,Alger,56.32,50.72
Ottawa,Bluffton,29.64,26.52
Ottawa,Cairo,22.42,19.81
Ottawa,Caledonia,127.54,96.46
Ottawa,Carey,66.65,55.38
Ottawa,Columbus Grove,11.54,9.92
Ottawa,Continental,23.17,23.51
Ottawa,Cridersville,43.93,44.46
Ottawa,Delphos,44.3,35.47
Ottawa,Dunkirk,60.01,47.69
Ottawa,Elida,36.1,35.59
Ottawa,Forest,70.17,53.77
Ottawa,Fort Jennings,27.46,28.09
Ottawa,Glandorf,3.43,5.16
Ottawa,Kalida,14.68,14.77
Ottawa,Kenton,76.03,63.95
Ottawa,La Rue,101.42,86.64
Ottawa,Leipsic,12.83,13.49
Ottawa,Lima,32.8,30.99
Ottawa,Marion,116.95,89.53
Ottawa,Minster,90.58,77.11
Ottawa,Mount Victory,90.9,78.87
Ottawa,Nevada,97.25,74.23
Ottawa,New Bremen,85.26,72.05
Ottawa,New Knoxville,74.75,66.84
Ottawa,Ottoville,28.36,28.4
Ottawa,Pandora,16.1,17.82
Ottawa,Prospect,141.99,103.82
Ottawa,Saint Marys,74.69,62.22
Ottawa,Spencerville,56.77,50.61
Ottawa,Sycamore,85.62,74.67
Ottawa,Upper Sandusky,87.95,65.11
Ottawa,Wapakoneta,56.0,49.53
Ottawa,Waynesfield,56.16,55.79
Ottoville,Ada,60.42,42.32
Ottoville,Alger,69.15,51.45
Ottoville,Bluffton,53.14,37.11
Ottoville,Cairo,32.89,23.98
Ottoville,Caledonia,149.72,98.31
Ottoville,Carey,107.33,71.06
Ottoville,Columbus Grove,27.47,28.86
Ottoville,Continental,25.75,26.32
Ottoville,Cridersville,49.32,43.35
Ottoville,Delphos,11.65,10.96
Ottoville,Dunkirk,72.84,48.42
Ottoville,Elida,24.12,21.85
Ottoville,Forest,83.0,54.51
Ottoville,Fort Jennings,4.71,5.28
Ottoville,Glandorf,27.44,27.83
Ottoville,Kalida,13.68,13.63
Ottoville,Kenton,88.85,64.68
Ottoville,La Rue,114.25,87.38
Ottoville,Leipsic,40.67,40.91
Ottoville,Lima,38.66,30.34
Ottoville,Marion,139.13,91.37
Ottoville,Minster,65.15,67.86
Ottoville,Mount Victory,103.73,79.61
Ottoville,Nevada,119.42,76.08
Ottoville,New Bremen,60.25,62.74
Ottoville,New Knoxville,57.25,59.98
Ottoville,Ottawa,28.36,28.4
Ottoville,Pandora,36.56,38.29
Ottoville,Prospect,164.17,105.66
Ottoville,Saint Marys,48.18,50.02
Ottoville,Spencerville,27.8,27.8
Ottoville,Sycamore,116.43,79.27
Ottoville,Upper Sandusky,100.78,65.85
Ottoville,Wapakoneta,61.39,48.42
Ottoville,Waynesfield,62.01,55.13
Pandora,Ada,35.75,31.0
Pandora,Alger,37.78,37.84
Pandora,Bluffton,11.84,15.3
Pandora,Cairo,20.32,20.73
Pandora,Caledonia,125.04,86.98
Pandora,Carey,58.74,48.79
Pandora,Columbus Grove,9.09,9.43
Pandora,Continental,39.26,41.28
Pandora,Cridersville,43.07,35.31
Pandora,Delphos,42.21,36.38
Pandora,Dunkirk,48.16,37.1
Pandora,Elida,36.72,36.18
Pandora,Forest,58.32,43.18
Pandora,Fort Jennings,32.0,33.62
Pandora,Glandorf,19.52,22.93
Pandora,Kalida,30.9,32.21
Pandora,Kenton,64.18,53.36
Pandora,La Rue,89.58,76.05
Pandora,Leipsic,18.52,21.9
Pandora,Lima,30.57,26.8
Pandora,Marion,114.46,80.04
Pandora,Minster,89.0,66.6
Pandora,Mount Victory,79.06,68.28
Pandora,Nevada,94.75,64.75
Pandora,New Bremen,83.68,61.54
Pandora,New Knoxville,73.17,56.33
Pandora,Ottawa,16.1,17.82
Pandora,Ottoville,36.56,38.29
Pandora,Prospect,139.5,94.34
Pandora,Saint Marys,73.11,51.71
Pandora,Spencerville,53.35,50.71
Pandora,Sycamore,91.76,67.94
Pandora,Upper Sandusky,76.1,54.52
Pandora,Wapakoneta,54.42,39.02
Pandora,Waynesfield,49.47,43.72
Prospect,Ada,78.84,72.88
Prospect,Alger,79.45,73.76
Prospect,Bluffton,123.45,84.11
Prospect,Cairo,134.81,86.64
Prospect,Caledonia,34.65,28.59
Prospect,Carey,79.47,53.68
Prospect,Columbus Grove,139.75,94.52
Prospect,Continental,174.55,126.22
Prospect,Cridersville,127.13,101.02
Prospect,Delphos,155.16,99.67
Prospect,Dunkirk,70.02,64.92
Prospect,Elida,149.39,100.05
Prospect,Forest,58.01,55.06
Prospect,Fort Jennings,161.98,107.12
Prospect,Glandorf,154.09,108.5
Prospect,Kalida,155.94,106.62
Prospect,Kenton,53.99,48.7
Prospect,La Rue,28.56,25.93
Prospect,Leipsic,139.96,103.9
Prospect,Lima,139.86,92.98
Prospect,Marion,17.08,16.59
Prospect,Minster,129.33,103.18
Prospect,Mount Victory,38.11,34.67
Prospect,Nevada,54.35,43.25
Prospect,New Bremen,124.34,97.95
Prospect,New Knoxville,125.23,99.92
Prospect,Ottawa,141.73,103.75
Prospect,Ottoville,164.26,105.71
Prospect,Pandora,137.83,92.56
Prospect,Saint Marys,133.69,101.94
Prospect,Spencerville,167.62,114.81
Prospect,Sycamore,76.51,56.53
Prospect,Upper Sandusky,58.35,42.18
Prospect,Wapakoneta,116.88,90.36
Prospect,Waynesfield,101.88,79.13
Saint Marys,Ada,69.13,51.5
Saint Marys,Alger,66.54,52.2
Saint Marys,Bluffton,69.69,45.58
Saint Marys,Cairo,54.43,43.96
Saint Marys,Caledonia,169.84,111.76
Saint Marys,Carey,123.88,79.53
Saint Marys,Columbus Grove,64.19,53.64
Saint Marys,Continental,70.65,74.44
Saint Marys,Cridersville,34.6,28.29
Saint Marys,Delphos,36.52,39.11
Saint Marys,Dunkirk,92.96,61.88
Saint Marys,Elida,52.52,42.63
Saint Marys,Forest,103.12,67.96
Saint Marys,Fort Jennings,45.18,48.57
Saint Marys,Glandorf,78.28,66.33
Saint Marys,Kalida,57.67,61.0
Saint Marys,Kenton,72.92,64.04
Saint Marys,La Rue,100.02,90.28
Saint Marys,Leipsic,92.05,73.64
Saint Marys,Lima,44.68,32.44
Saint Marys,Marion,159.26,104.82
Saint Marys,Minster,17.04,18.0
Saint Marys,Mount Victory,82.11,73.98
Saint Marys,Nevada,139.55,89.53
Saint Marys,New Bremen,12.14,12.88
Saint Marys,New Knoxville,10.18,11.83
Saint Marys,Ottawa,75.38,62.16
Saint Marys,Ottoville,48.18,50.02
Saint Marys,Pandora,73.75,52.01
Saint Marys,Prospect,134.56,102.56
Saint Marys,Spencerville,20.38,22.21
Saint Marys,Sycamore,136.56,92.72
Saint Marys,Upper Sandusky,120.9,79.31
Saint Marys,Wapakoneta,20.23,14.58
Saint Marys,Waynesfield,41.22,32.96
Spencerville,Ada,49.06,50.39
Spencerville,Alger,47.56,51.39
Spencerville,Bluffton,49.64,45.18
Spencerville,Cairo,36.03,32.74
Spencerville,Caledonia,152.85,107.07
Spencerville,Carey,103.82,79.13
Spencerville,Columbus Grove,45.78,42.42
Spencerville,Continental,50.27,52.23
Spencerville,Cridersville,24.69,30.89
Spencerville,Delphos,16.14,16.9
Spencerville,Dunkirk,75.98,57.18
Spencerville,Elida,19.58,22.8
Spencerville,Forest,86.13,63.27
Spencerville,Fort Jennings,24.8,26.36
Spencerville,Glandorf,51.05,52.98
Spencerville,Kalida,37.29,38.79
Spencerville,Kenton,66.97,69.76
Spencerville,La Rue,94.06,96.0
Spencerville,Leipsic,69.27,63.45
Spencerville,Lima,22.87,24.6
Spencerville,Marion,142.27,100.13
Spencerville,Minster,37.35,40.06
Spencerville,Mount Victory,81.71,84.51
Spencerville,Nevada,122.56,84.84
Spencerville,New Bremen,32.45,34.94
Spencerville,New Knoxville,29.45,32.17
Spencerville,Ottawa,56.97,50.94
Spencerville,Ottoville,27.8,27.8
Spencerville,Pandora,53.69,51.61
Spencerville,Prospect,167.31,114.42
Spencerville,Saint Marys,20.38,22.21
Spencerville,Sycamore,119.57,88.03
Spencerville,Upper Sandusky,103.91,74.61
Spencerville,Wapakoneta,24.47,25.43
Spencerville,Waynesfield,41.59,45.41
Sycamore,Ada,68.87,51.19
Sycamore,Alger,77.59,60.32
Sycamore,Bluffton,73.77,56.07
Sycamore,Cairo,86.67,59.54
Sycamore,Caledonia,62.22,49.45
Sycamore,Carey,18.97,19.29
Sycamore,Columbus Grove,91.61,67.42
Sycamore,Continental,108.34,97.36
Sycamore,Cridersville,104.21,74.39
Sycamore,Delphos,107.02,72.58
Sycamore,Dunkirk,53.06,40.22
Sycamore,Elida,101.25,72.96
Sycamore,Forest,40.14,32.69
Sycamore,Fort Jennings,113.84,80.02
Sycamore,Glandorf,88.6,79.01
Sycamore,Kalida,107.8,79.52
Sycamore,Kenton,59.22,52.32
Sycamore,La Rue,50.88,52.56
Sycamore,Leipsic,83.42,74.05
Sycamore,Lima,91.72,65.89
Sycamore,Marion,51.63,42.51
Sycamore,Minster,150.15,105.68
Sycamore,Mount Victory,73.88,67.0
Sycamore,Nevada,17.86,18.97
Sycamore,New Bremen,144.83,100.62
Sycamore,New Knoxville,134.32,95.41
Sycamore,Ottawa,85.18,73.9
Sycamore,Ottoville,116.12,78.62
Sycamore,Pandora,89.69,65.46
Sycamore,Prospect,76.68,56.8
Sycamore,Saint Marys,134.25,90.79
Sycamore,Spencerville,119.48,87.72
Sycamore,Upper Sandusky,17.74,18.05
Sycamore,Wapakoneta,115.57,78.1
Sycamore,Waynesfield,100.57,82.73
Upper Sandusky,Ada,53.51,38.63
Upper Sandusky,Alger,62.23,47.76
Upper Sandusky,Bluffton,59.95,44.46
Upper Sandusky,Cairo,71.31,46.98
Upper Sandusky,Caledonia,43.64,34.24
Upper Sandusky,Carey,20.77,15.77
Upper Sandusky,Columbus Grove,76.25,54.87
Upper Sandusky,Continental,111.05,86.57
Upper Sandusky,Cridersville,88.85,61.84
Upper Sandusky,Delphos,91.66,60.02
Upper Sandusky,Dunkirk,37.7,27.67
Upper Sandusky,Elida,85.89,60.4
Upper Sandusky,Forest,24.78,20.14
Upper Sandusky,Fort Jennings,98.48,67.47
Upper Sandusky,Glandorf,90.59,68.85
Upper Sandusky,Kalida,92.44,66.97
Upper Sandusky,Kenton,38.72,39.59
Upper Sandusky,La Rue,33.19,34.57
Upper Sandusky,Leipsic,81.26,65.99
Upper Sandusky,Lima,76.36,53.33
Upper Sandusky,Marion,33.06,27.31
Upper Sandusky,Minster,134.79,93.12
Upper Sandusky,Mount Victory,53.38,54.27
Upper Sandusky,Nevada,16.56,13.53
Upper Sandusky,New Bremen,129.47,88.07
Upper Sandusky,New Knoxville,118.96,82.86
Upper Sandusky,Ottawa,87.68,64.67
Upper Sandusky,Ottoville,100.76,66.06
Upper Sandusky,Pandora,74.33,52.9
Upper Sandusky,Prospect,58.1,41.6
Upper Sandusky,Saint Marys,118.89,78.23
Upper Sandusky,Spencerville,104.12,75.16
Upper Sandusky,Sycamore,17.74,18.05
Upper Sandusky,Wapakoneta,100.21,65.55
Upper Sandusky,Waynesfield,85.21,70.18
Wapakoneta,Ada,50.39,39.7
Wapakoneta,Alger,47.79,40.39
Wapakoneta,Bluffton,50.95,33.78
Wapakoneta,Cairo,35.69,32.15
Wapakoneta,Caledonia,151.1,99.96
Wapakoneta,Carey,105.13,67.73
Wapakoneta,Columbus Grove,45.44,41.84
Wapakoneta,Continental,72.2,69.34
Wapakoneta,Cridersville,15.85,16.48
Wapakoneta,Delphos,37.55,39.91
Wapakoneta,Dunkirk,74.22,50.07
Wapakoneta,Elida,25.72,30.52
Wapakoneta,Forest,84.38,56.16
Wapakoneta,Fort Jennings,46.21,49.38
Wapakoneta,Glandorf,59.54,54.53
Wapakoneta,Kalida,53.59,49.73
Wapakoneta,Kenton,55.37,52.98
Wapakoneta,La Rue,82.47,79.21
Wapakoneta,Leipsic,73.3,61.84
Wapakoneta,Lima,25.93,20.63
Wapakoneta,Marion,140.51,93.02
Wapakoneta,Minster,36.13,32.9
Wapakoneta,Mount Victory,64.55,62.92
Wapakoneta,Nevada,120.8,77.72
Wapakoneta,New Bremen,31.23,27.77
Wapakoneta,New Knoxville,19.22,19.68
Wapakoneta,Ottawa,56.63,50.35
Wapakoneta,Ottoville,61.98,49.36
Wapakoneta,Pandora,55.0,40.21
Wapakoneta,Prospect,117.01,91.5
Wapakoneta,Saint Marys,19.16,15.05
Wapakoneta,Spencerville,24.47,25.43
Wapakoneta,Sycamore,117.81,80.92
Wapakoneta,Upper Sandusky,102.16,67.5
Wapakoneta,Waynesfield,23.67,21.9
Waynesfield,Ada,34.99,32.14
Waynesfield,Alger,26.2,22.95
Waynesfield,Bluffton,45.47,37.66
Waynesfield,Cairo,34.18,37.08
Waynesfield,Caledonia,91.43,90.16
Waynesfield,Carey,99.65,71.61
Waynesfield,Columbus Grove,43.93,46.76
Waynesfield,Continental,71.16,74.72
Waynesfield,Cridersville,21.72,27.29
Waynesfield,Delphos,51.84,48.7
Waynesfield,Dunkirk,49.74,50.14
Waynesfield,Elida,33.07,36.73
Waynesfield,Forest,53.08,53.77
Waynesfield,Fort Jennings,58.67,56.14
Waynesfield,Glandorf,58.03,59.46
Waynesfield,Kalida,52.55,55.12
Waynesfield,Kenton,33.7,33.8
Waynesfield,La Rue,60.8,60.03
Waynesfield,Leipsic,67.82,65.72
Waynesfield,Lima,22.62,25.35
Waynesfield,Marion,77.28,75.64
Waynesfield,Minster,57.37,48.83
Waynesfield,Mount Victory,47.19,46.77
Waynesfield,Nevada,103.71,79.89
Waynesfield,New Bremen,52.05,43.77
Waynesfield,New Knoxville,41.49,38.06
Waynesfield,Ottawa,55.12,55.28
Waynesfield,Ottoville,60.94,54.74
Waynesfield,Pandora,49.52,44.09
Waynesfield,Prospect,102.95,80.23
Waynesfield,Saint Marys,41.43,33.43
Waynesfield,Spencerville,41.59,45.41
Waynesfield,Sycamore,100.72,83.08
Waynesfield,Upper Sandusky,85.06,69.67
Waynesfield,Wapakoneta,24.62,21.86
